{
  "hash": "ca1ec428",
  "configHash": "33352d09",
  "lockfileHash": "29ed2421",
  "browserHash": "3e4bc3fd",
  "optimized": {
    "@angular/core": {
      "src": "../../../../../../node_modules/@angular/core/fesm2022/core.mjs",
      "file": "@angular_core.js",
      "fileHash": "637bef42",
      "needsInterop": false
    },
    "@angular/platform-browser": {
      "src": "../../../../../../node_modules/@angular/platform-browser/fesm2022/platform-browser.mjs",
      "file": "@angular_platform-browser.js",
      "fileHash": "14b02736",
      "needsInterop": false
    },
    "@angular/platform-server": {
      "src": "../../../../../../node_modules/@angular/platform-server/fesm2022/platform-server.mjs",
      "file": "@angular_platform-server.js",
      "fileHash": "f365188f",
      "needsInterop": false
    },
    "@angular/router": {
      "src": "../../../../../../node_modules/@angular/router/fesm2022/router.mjs",
      "file": "@angular_router.js",
      "fileHash": "b95d13e9",
      "needsInterop": false
    },
    "@angular/ssr": {
      "src": "../../../../../../node_modules/@angular/ssr/fesm2022/ssr.mjs",
      "file": "@angular_ssr.js",
      "fileHash": "7d3c5199",
      "needsInterop": false
    },
    "@angular/ssr/node": {
      "src": "../../../../../../node_modules/@angular/ssr/fesm2022/node.mjs",
      "file": "@angular_ssr_node.js",
      "fileHash": "bafa03d5",
      "needsInterop": false
    },
    "body-parser": {
      "src": "../../../../../../node_modules/body-parser/index.js",
      "file": "body-parser.js",
      "fileHash": "4d0f54b0",
      "needsInterop": true
    },
    "express": {
      "src": "../../../../../../node_modules/express/index.js",
      "file": "express.js",
      "fileHash": "b254c2d4",
      "needsInterop": true
    }
  },
  "chunks": {
    "xhr2-TXIMV6CV": {
      "file": "xhr2-TXIMV6CV.js"
    },
    "chunk-KIWRDZ67": {
      "file": "chunk-KIWRDZ67.js"
    },
    "chunk-HNFR3JLB": {
      "file": "chunk-HNFR3JLB.js"
    },
    "chunk-UWLHJ3IA": {
      "file": "chunk-UWLHJ3IA.js"
    },
    "chunk-INADUWFR": {
      "file": "chunk-INADUWFR.js"
    },
    "chunk-ZYPFQLDZ": {
      "file": "chunk-ZYPFQLDZ.js"
    },
    "chunk-Z5IWENK5": {
      "file": "chunk-Z5IWENK5.js"
    },
    "chunk-YHCV7DAQ": {
      "file": "chunk-YHCV7DAQ.js"
    }
  }
}