{
  "hash": "0bf4cafb",
  "configHash": "50bce195",
  "lockfileHash": "29ed2421",
  "browserHash": "1cb14d25",
  "optimized": {
    "@angular/core": {
      "src": "../../../../../../node_modules/@angular/core/fesm2022/core.mjs",
      "file": "@angular_core.js",
      "fileHash": "9b1a36e3",
      "needsInterop": false
    },
    "@angular/platform-browser": {
      "src": "../../../../../../node_modules/@angular/platform-browser/fesm2022/platform-browser.mjs",
      "file": "@angular_platform-browser.js",
      "fileHash": "fed0fa2d",
      "needsInterop": false
    },
    "@angular/router": {
      "src": "../../../../../../node_modules/@angular/router/fesm2022/router.mjs",
      "file": "@angular_router.js",
      "fileHash": "231063ec",
      "needsInterop": false
    }
  },
  "chunks": {
    "chunk-C5YSY2VL": {
      "file": "chunk-C5YSY2VL.js"
    },
    "chunk-6YD6TZZR": {
      "file": "chunk-6YD6TZZR.js"
    }
  }
}